,Expiry,Tenor,Swap_Rate
0,1Y,1Y,0.03200698212036227
1,1Y,2Y,0.033259192633249994
2,1Y,3Y,0.03401067368663719
3,1Y,5Y,0.03525531088235727
4,1Y,10Y,0.038427023444880325
5,5Y,1Y,0.03927284797576572
6,5Y,2Y,0.040073669021835685
7,5Y,3Y,0.04007046388311049
8,5Y,5Y,0.041091152993997425
9,5Y,10Y,0.04362922858791564
10,10Y,1Y,0.04217917605375291
11,10Y,2Y,0.043105390233368686
12,10Y,3Y,0.04408658622433282
13,10Y,5Y,0.046238435966763414
14,10Y,10Y,0.05343386158415646
